-1.5012,-0.56104,1.0507,-0.62535,0.44175,1
-1.2333,0.51809,0.71011,-0.13927,0.74099,1
-1.5012,-0.021475,-2.2022,-0.68611,0.66618,1
-1.6351,-0.56104,0.98021,-0.72661,0.44175,1
-1.5012,0.69794,-2.2492,2.7164,1.3395,1
-1.6351,0.8778,-1.9439,-0.30129,0.96541,1
-2.037,-0.56104,1.5439,-0.68611,1.3395,1
-1.903,-0.56104,-2.261,-0.68611,0.8906,1
-1.903,-0.021475,-1.9909,-0.70636,1.115,1
-1.5012,0.8778,-1.803,-0.3418,1.3395,1
-1.5012,-0.021475,-1.3567,0.28605,1.4891,1
-1.5012,1.2375,-1.0396,-0.52408,1.3395,1
-1.6351,0.8778,-1.1219,0.0025047,1.2646,1
-1.5012,-1.1006,-0.47597,-0.46332,1.5639,1
-0.83141,1.5972,-0.5112,0.022758,1.5639,1
-0.83141,2.6763,-0.58166,2.7975,1.4143,1
-0.83141,-0.021475,0.56919,-0.62535,1.2646,1
-0.69746,-0.021475,0.51047,-0.62535,1.115,1
-0.83141,1.0577,-1.0396,-0.60509,1.1898,1
-1.0993,1.4174,-1.1219,-0.28104,1.0402,1
-1.0993,1.2375,-0.73432,-0.6456,0.59137,1
-0.69746,1.5972,1.1798,2.2506,1.1898,1
-1.0993,-0.74089,1.0859,-0.72661,1.115,1
-1.0993,-1.1006,0.58093,-0.20003,1.3395,1
-1.2333,-0.56104,-1.756,-0.60509,0.06771,1
-1.2333,-1.6402,-1.6503,-0.72661,-0.23152,1
-0.69746,1.5972,0.80406,-0.24053,1.115,1
-0.69746,0.8778,1.3442,-0.40256,-0.30633,1
-1.0993,1.2375,1.5087,1.1164,0.29214,1
-1.2333,0.33823,1.3795,-0.72661,-1.204,1
-1.2333,-0.38118,1.1916,-0.72661,-0.9048,1
-1.0993,0.33823,1.0507,-0.6456,-0.97961,1
-0.96536,1.0577,0.8158,1.562,1.4891,1
-1.3672,-0.38118,-0.60515,-0.098762,-0.15671,1
-0.83141,0.8778,-0.93396,-0.36205,1.4143,1
-0.69746,1.0577,-0.088438,0.2658,1.115,1
-0.56351,-1.1006,-2.214,-0.72661,0.66618,1
-1.0993,-0.92075,-1.5211,-0.72661,0.59137,1
-1.3672,0.51809,-1.7912,-0.54433,0.21733,1
-1.0993,-0.021475,-2.167,-0.56459,-0.15671,1
-1.3672,-0.021475,-2.0261,-0.60509,-0.53076,1
-1.0993,-0.56104,1.6848,-0.72661,-1.3536,1
-1.0993,-0.38118,-2.2492,-0.62535,0.44175,1
-1.0993,-0.38118,1.6613,-0.58484,-0.38114,1
-0.83141,-0.74089,1.5087,-0.6456,-0.30633,1
-0.96536,-0.021475,0.0055086,0.3063,1.115,1
-0.96536,-0.74089,0.29909,0.2658,0.14252,1
-1.0993,-1.1006,-1.4389,-0.50383,-0.60556,1
-0.96536,-1.1006,-1.5329,0.022758,-0.23152,1
-1.2333,-0.38118,1.0507,-0.50383,-0.45595,1
-1.0993,-1.2805,0.83929,-0.72661,-0.45595,1
-1.3672,-0.38118,1.2151,1.1772,1.2646,1
-1.2333,0.33823,-1.803,-0.72661,0.06771,1
-1.3672,1.0577,-1.2745,-0.46332,-0.007098,1
-0.83141,0.69794,-0.69909,0.83289,1.4143,1
-0.83141,-0.56104,-0.73432,-0.38231,1.4143,1
-1.0993,1.0577,0.80406,3.081,1.4891,1
-1.2333,-0.74089,-1.5094,-0.38231,0.51656,1
-1.0993,0.15838,1.356,-0.3418,0.06771,1
0.10625,-0.92075,-0.74607,1.6228,1.115,5
1.0439,-1.2805,1.0742,-0.56459,-1.5033,2
-1.903,-0.021475,-0.20587,-0.50383,0.66618,2
-1.5012,-0.38118,-0.25284,1.2177,1.4891,2
-1.5012,-0.92075,1.4265,-0.68611,0.8906,2
-1.7691,-1.6402,0.0055086,-0.72661,0.66618,2
-1.903,-1.2805,-1.6151,-0.72661,0.81579,2
-2.037,-0.74089,1.6848,-0.72661,1.0402,2
-1.0993,-0.021475,0.99195,-0.56459,1.1898,2
-0.83141,0.69794,0.85103,-0.24053,1.4143,2
-0.69746,1.0577,1.0154,-0.70636,1.115,2
-1.2333,-0.92075,-2.0731,-0.72661,1.115,2
-1.0993,-1.2805,-2.2727,-0.66585,0.59137,2
-1.0993,-0.92075,1.6378,-0.58484,0.96541,2
-0.96536,-0.38118,1.2386,-0.68611,0.66618,2
-0.83141,1.9569,-2.4606,0.89365,1.115,2
-1.6351,-0.20133,1.1094,-0.70636,-2.401,2
-1.903,-0.021475,-1.3567,-0.48357,0.51656,2
-2.3049,-1.2805,-1.9674,-0.72661,0.8906,2
-2.3049,-1.2805,-0.84001,-0.72661,0.74099,2
-2.1709,-0.74089,-1.3097,-0.72661,0.51656,2
-2.037,-0.74089,-2.3549,-0.54433,0.8906,2
-2.037,-0.56104,-2.1905,-0.72661,1.0402,2
-2.037,-0.92075,1.5321,-0.72661,1.1898,2
-1.5012,-0.56104,0.78057,-0.72661,1.115,2
-1.903,-0.38118,-0.429,-0.72661,0.74099,2
-1.5012,0.33823,-0.52294,1.0759,1.4891,2
-1.2333,-0.021475,-0.69909,1.319,1.5639,2
-1.0993,-0.92075,-0.71084,-0.3418,1.5639,2
-0.69746,-1.4603,-1.298,-0.50383,1.2646,2
-0.83141,-0.74089,0.61616,-0.54433,1.115,2
-1.0993,-1.2805,-0.12367,-0.54433,0.59137,2
-1.2333,-1.1006,1.5087,-0.72661,-0.007098,2
-1.6351,-0.92075,0.36955,-0.72661,-0.75518,2
-1.2333,-0.021475,0.075969,-0.30129,1.4143,2
-1.2333,1.0577,-0.088438,2.0278,1.5639,2
-1.2333,-0.20133,0.40478,-0.68611,1.115,2
-0.96536,0.15838,-1.3802,0.22529,1.2646,2
-1.0993,0.69794,0.76883,0.75187,0.96541,2
-1.2333,0.69794,0.65139,-0.70636,0.81579,2
-1.0993,1.0577,-0.429,2.0886,1.5639,2
-0.96536,0.69794,1.3325,-0.22028,0.81579,2
-0.42955,0.69794,0.45176,1.5012,1.4891,2
-0.027704,0.15838,0.32258,-0.36205,1.2646,2
-0.42955,0.69794,0.099455,-0.098762,0.8906,2
-0.16165,1.4174,-0.088438,0.3063,1.2646,2
-0.42955,1.2375,-0.053208,0.9139,1.3395,2
-0.69746,-0.56104,0.72185,-0.72661,0.81579,2
-0.96536,-0.021475,0.98021,-0.72661,0.51656,2
-0.96536,-0.56104,1.1681,-0.72661,0.59137,2
-0.96536,-1.2805,1.5087,-0.72661,-1.0544,2
-1.2333,-0.92075,1.309,-0.72661,-0.60556,2
-0.96536,-0.56104,0.41653,-0.72661,-0.15671,2
-0.96536,-0.38118,-2.3666,-0.72661,0.44175,2
-0.83141,0.33823,1.2033,-0.6456,0.59137,2
-0.69746,0.33823,0.93323,0.083518,1.5639,2
-0.96536,0.69794,-2.1318,-0.50383,0.66618,2
-1.3672,0.33823,-1.5798,-0.72661,-0.60556,2
-1.3672,-0.74089,-1.4976,-0.72661,-0.68037,2
-1.0993,-1.2805,-1.6973,-0.72661,-1.0544,2
-1.2333,-1.4603,-0.99268,-0.72661,-0.007098,2
-1.2333,-1.4603,-1.0044,-0.72661,0.66618,2
-0.83141,-0.021475,-0.47597,-0.44307,0.36694,2
-0.56351,1.2375,0.017252,-0.36205,1.0402,2
-0.69746,2.3166,0.075969,0.22529,-0.15671,2
-0.16165,2.1368,0.25212,2.7164,1.115,2
-0.16165,2.4965,0.98021,7.7595,1.2646,2
-0.16165,1.7771,0.0055086,4.1139,1.115,2
-0.69746,2.8562,0.36955,0.043011,1.0402,2
-0.83141,-0.20133,-0.41725,-0.68611,-0.30633,2
-0.42955,0.8778,-0.28807,-0.26079,0.59137,2
-0.42955,0.33823,-1.756,0.5696,0.51656,2
-0.2956,-0.56104,-0.41725,-0.28104,0.44175,2
-0.56351,-0.38118,0.55745,1.8455,0.51656,2
-0.69746,0.8778,-0.5112,3.1215,1.2646,2
-0.83141,0.51809,0.064225,0.69111,0.14252,2
-0.96536,0.69794,-1.0279,0.043011,0.74099,2
-0.69746,-0.56104,-0.61689,0.38732,0.51656,2
-0.56351,-0.92075,-0.74607,-0.72661,0.14252,2
-0.96536,0.69794,-0.91047,-0.58484,0.66618,2
-1.2333,0.51809,-1.0162,1.3797,1.5639,2
-1.0993,-0.20133,-0.92222,-0.66585,0.59137,2
-1.0993,-0.021475,-0.89873,-0.22028,1.115,2
-0.56351,-0.74089,-0.54643,-0.60509,0.8906,2
0.10625,-0.021475,0.017252,0.67086,1.2646,2
-0.027704,-0.38118,0.31084,-0.68611,-0.081906,2
-0.027704,0.69794,0.34607,-0.6456,0.59137,2
-0.69746,0.8778,1.0507,1.0152,1.115,2
-0.83141,0.51809,1.2268,-0.3418,0.66618,2
-0.96536,-0.56104,-2.1318,-0.66585,0.06771,2
0.776,-0.56104,0.47524,-0.68611,-0.68037,2
1.0439,-1.2805,1.3677,-0.68611,0.06771,3
-0.42955,1.0577,0.62791,0.16453,-0.081906,3
-0.83141,0.8778,0.53396,0.10377,0.59137,3
-1.2333,0.8778,0.75708,0.85314,0.14252,3
-1.2333,0.69794,0.3813,0.87339,1.3395,3
-1.0993,1.7771,0.80406,0.77213,-0.23152,3
-0.42955,3.036,0.1112,0.79238,1.1898,3
-1.2333,1.4174,0.67488,-0.17977,0.36694,3
-0.96536,0.15838,0.4635,-0.70636,0.36694,3
-0.69746,0.51809,0.5457,0.2658,1.115,3
-0.83141,1.5972,0.34607,0.0025047,0.29214,3
-0.69746,1.7771,0.16992,0.81263,-0.15671,3
-1.0993,1.0577,0.21689,-0.72661,-0.23152,3
-1.0993,0.33823,0.32258,-0.13927,0.8906,3
-1.2333,-0.56104,0.87452,-0.56459,0.51656,3
-1.0993,-0.38118,0.55745,-0.20003,0.8906,3
-1.2333,-0.74089,1.1564,-0.56459,0.51656,3
-0.83141,0.69794,-0.13541,0.54934,1.5639,3
-0.83141,0.69794,0.95672,-0.36205,0.14252,3
-0.2956,0.33823,0.76883,0.16453,1.4891,3
-0.16165,0.15838,0.5457,-0.60509,0.8906,3
-0.42955,0.69794,0.87452,0.34681,0.66618,3
-0.56351,0.8778,0.13469,-0.098762,0.59137,3
-0.16165,1.2375,0.1934,-0.20003,0.96541,3
-0.027704,1.0577,0.15817,-0.6456,0.66618,3
-0.2956,0.69794,-0.0062347,-0.60509,0.59137,3
-0.42955,1.9569,0.35781,-0.22028,-0.081906,3
-0.83141,1.4174,0.63965,0.95441,0.96541,3
-0.42955,0.69794,-0.0062347,1.1974,1.3395,3
-0.16165,0.8778,0.21689,0.34681,1.115,3
-0.42955,1.0577,0.18166,-0.50383,0.44175,3
-0.96536,0.8778,0.21689,-0.48357,-0.38114,3
-0.2956,2.4965,0.5457,2.0683,0.06771,3
-0.69746,2.3166,0.49873,1.8658,0.8906,3
-0.56351,3.036,0.96846,0.95441,0.29214,3
-0.42955,0.8778,0.55745,-0.42281,0.74099,3
-0.42955,1.2375,0.82754,-0.44307,0.36694,3
-0.42955,0.69794,0.68662,-0.44307,1.115,3
-0.56351,0.33823,1.0742,-0.50383,1.115,3
-0.42955,-0.021475,0.42827,-0.70636,0.96541,3
-0.2956,0.33823,0.45176,-0.3418,1.0402,3
-0.42955,1.7771,1.1916,-0.54433,0.29214,3
-0.83141,-0.56104,-1.9909,-0.72661,0.44175,3
-1.2333,-0.74089,-0.65212,-0.72661,-0.23152,3
-1.2333,-0.56104,-0.89873,-0.72661,0.06771,3
-1.3672,-0.74089,-0.74607,-0.72661,-0.45595,3
-1.2333,-0.74089,-0.46423,-0.72661,-0.15671,3
-0.56351,0.15838,0.63965,0.34681,1.4891,3
-0.83141,1.5972,0.63965,0.2658,0.96541,3
-0.56351,1.0577,0.60442,1.8861,1.5639,3
-0.42955,2.4965,0.78057,-0.42281,0.51656,3
-0.69746,2.6763,0.85103,-0.6456,0.29214,3
-0.83141,0.33823,0.93323,-0.50383,0.29214,3
-0.56351,-0.021475,0.7336,1.4,1.5639,3
-0.2956,1.4174,-0.20587,-0.58484,0.66618,3
-0.69746,0.51809,-0.28807,1.4607,1.2646,3
-1.0993,0.15838,0.56919,-0.24053,0.21733,3
-1.0993,-0.38118,-0.429,-0.058255,0.29214,3
-1.0993,-1.2805,-0.85176,-0.70636,-0.15671,3
-1.3672,-0.56104,-1.1453,-0.70636,-0.15671,3
-1.3672,0.33823,-1.3567,-0.72661,-0.53076,3
-1.3672,-0.021475,-1.3685,-0.72661,-1.204,3
-1.3672,-1.1006,-1.4272,-0.72661,-1.2788,3
-1.3672,-1.2805,0.24038,-0.72661,-1.7277,3
-1.6351,0.69794,-0.46423,1.1974,-0.75518,3
-1.2333,-0.92075,1.0389,-0.66585,1.5639,3
-0.96536,-0.92075,-2.3197,-0.58484,1.1898,3
-1.2333,-0.38118,-1.6151,-0.72661,0.51656,3
-1.5012,-0.74089,-0.79304,-0.72661,0.29214,3
-1.5012,-0.56104,-0.72258,1.7443,0.8906,3
-1.5012,0.33823,-0.72258,-0.50383,0.96541,3
-1.5012,-0.74089,-0.5112,-0.72661,-0.15671,3
-0.96536,-1.2805,1.1446,-0.68611,1.2646,3
-0.83141,0.51809,1.0272,-0.66585,1.115,3
-0.83141,0.69794,1.1916,-0.72661,0.14252,3
-0.42955,1.0577,1.1798,-0.70636,0.51656,3
-0.42955,0.8778,0.76883,-0.46332,0.29214,3
-0.2956,0.15838,0.7336,-0.54433,-0.15671,3
-0.56351,1.5972,1.0507,0.46833,1.1898,3
-1.0993,0.51809,1.3325,-0.72661,-1.6529,3
-0.56351,1.4174,0.39304,-0.60509,-0.53076,3
-0.16165,0.33823,0.21689,-0.56459,0.81579,3
-0.16165,1.5972,-0.17064,0.16453,1.115,3
0.37415,0.51809,0.45176,-0.66585,0.59137,3
-0.2956,0.69794,1.0742,-0.44307,0.06771,3
-0.42955,0.15838,0.80406,-0.72661,-0.60556,3
-0.027704,-0.56104,0.20515,-0.72661,-0.15671,3
-0.16165,-0.021475,0.60442,-0.17977,0.44175,3
0.37415,-0.56104,0.88626,-0.66585,0.74099,3
0.5081,-0.92075,-1.662,-0.40256,0.81579,4
-0.96536,0.15838,0.86277,1.0152,0.96541,4
-1.0993,0.15838,0.74534,0.63036,1.2646,4
-1.5012,-0.74089,1.4499,-0.56459,0.21733,4
-1.0993,1.2375,-0.12367,1.5418,0.06771,4
-1.3672,1.0577,1.356,0.063264,1.0402,4
-0.69746,-0.021475,0.61616,-0.6456,0.81579,4
-0.69746,1.0577,1.0154,-0.32155,0.21733,4
-1.2333,-0.20133,-2.4136,-0.72661,-0.081906,4
-1.3672,-1.2805,-2.2022,-0.72661,0.14252,4
-1.5012,-1.1006,-0.37028,-0.72661,-0.9048,4
-1.7691,-0.56104,-1.0162,-0.72661,-0.60556,4
-0.96536,1.7771,-1.3567,1.0962,1.2646,4
-0.83141,0.8778,-0.041465,-0.68611,1.0402,4
-0.96536,-0.56104,-0.26459,-0.68611,0.96541,4
-0.83141,0.15838,0.22863,-0.17977,1.1898,4
-1.0993,-0.92075,1.4969,-0.72661,1.115,4
-0.96536,1.2375,-1.0396,-0.017749,1.0402,4
-0.69746,1.4174,-1.1101,7.3949,1.3395,4
-0.69746,-0.56104,0.80406,-0.017749,1.115,4
-0.16165,1.2375,-0.2411,3.8101,1.4143,4
-0.16165,1.0577,0.41653,-0.46332,0.51656,4
-0.69746,-0.38118,-0.41725,0.87339,1.2646,4
-0.69746,0.51809,0.18166,-0.36205,1.1898,4
-0.69746,1.7771,0.028995,0.10377,1.115,4
-0.96536,1.0577,-2.3549,-0.68611,0.66618,4
-0.2956,1.2375,0.040739,0.42782,1.115,4
-0.2956,1.7771,0.14643,2.3114,1.3395,4
-0.56351,1.7771,0.34607,1.4405,0.51656,4
-0.42955,1.5972,0.18166,0.65061,1.1898,4
-0.69746,0.8778,0.72185,-0.70636,0.21733,4
-0.2956,0.15838,0.13469,0.2658,1.3395,4
-0.16165,-0.20133,0.18166,-0.3418,1.2646,4
-0.2956,-0.56104,0.39304,-0.72661,0.8906,4
-0.42955,-0.38118,0.0055086,-0.72661,0.96541,4
-0.56351,-0.92075,-0.38202,-0.70636,1.115,4
-0.42955,-0.20133,-0.12367,-0.70636,0.81579,4
-0.2956,-0.021475,-0.1589,-0.56459,1.1898,4
-0.83141,-1.2805,1.1094,-0.72661,0.29214,4
-0.96536,-1.82,-1.2628,-0.72661,-0.60556,4
-1.0993,-0.74089,-0.076695,-0.6456,0.74099,4
-1.3672,0.33823,-1.2863,-0.30129,0.29214,4
-1.3672,-1.1006,-0.14715,-0.48357,0.59137,4
-1.3672,0.69794,0.71011,0.46833,1.3395,4
-1.6351,-0.56104,1.5439,-0.72661,0.81579,4
-1.7691,-1.2805,-0.93396,-0.72661,-0.23152,4
-1.6351,0.33823,-0.79304,-0.66585,0.06771,4
-1.903,1.9569,-1.0749,0.99491,0.8906,4
-1.5012,0.33823,-1.5094,-0.58484,0.81579,4
-1.5012,0.15838,-1.4859,-0.40256,0.8906,4
-1.5012,-0.021475,-0.84001,0.46833,1.4891,4
-1.7691,-0.92075,-1.5094,-0.52408,0.8906,4
-1.5012,-0.56104,-1.3685,-0.54433,1.0402,4
-1.7691,-0.92075,-0.76955,-0.72661,1.115,4
-1.3672,1.2375,-0.5112,0.46833,1.0402,4
-1.0993,0.8778,0.41653,1.724,1.4891,4
-0.69746,1.4174,0.29909,0.2658,0.14252,4
-0.69746,2.8562,-0.37028,0.40757,0.81579,4
-0.16165,1.9569,-0.33505,-0.058255,1.2646,4
-0.69746,2.3166,0.35781,0.42782,0.06771,4
-0.69746,1.4174,0.51047,0.043011,0.36694,4
-0.96536,0.69794,0.53396,-0.17977,0.74099,4
-1.0993,0.15838,1.4499,-0.72661,-0.9048,4
-0.56351,0.8778,0.74534,-0.26079,1.3395,4
-0.56351,2.1368,0.67488,0.67086,-0.15671,4
-1.0993,1.7771,0.47524,0.48858,0.44175,4
-1.0993,0.69794,0.94498,0.043011,-0.007098,4
-0.96536,-0.20133,1.1446,-0.52408,-0.38114,4
-0.96536,-0.021475,1.4734,-0.50383,0.21733,4
-1.3672,-1.1006,-0.67561,0.87339,1.4891,4
-1.3672,1.4174,-1.1571,1.319,1.4891,4
-1.3672,0.8778,-1.4859,-0.46332,0.96541,4
-1.3672,-0.38118,-1.0866,-0.68611,-0.081906,4
-1.3672,1.4174,-0.5934,0.9139,0.8906,4
-0.83141,0.8778,0.65139,1.238,1.2646,4
-0.56351,-0.38118,0.85103,-0.70636,0.44175,4
-0.42955,-1.1006,-0.40551,-0.72661,0.29214,4
-0.69746,-0.021475,-0.64038,-0.72661,-0.15671,4
-0.69746,-0.74089,-0.89873,-0.72661,-0.53076,4
-0.2956,-1.1006,-1.4154,-0.72661,-1.5033,4
-1.0993,0.69794,-1.0866,-0.66585,-0.38114,4
-1.0993,0.33823,-1.1219,-0.72661,-1.8025,4
-1.2333,-0.20133,-1.5446,-0.72661,-1.8773,4
-1.2333,-0.92075,-1.9204,-0.38231,-0.081906,4
-1.0993,-0.021475,-2.214,-0.66585,-1.1292,4
-0.96536,-0.021475,-1.9439,-0.72661,-0.15671,4
-0.69746,-0.38118,-1.9909,-0.72661,-1.204,4
-0.56351,-0.92075,-1.8499,-0.72661,-0.9048,4
-0.2956,-0.74089,-1.9791,-0.72661,-2.4758,4
0.2402,0.15838,1.0859,-0.72661,-1.5781,4
0.5081,-0.56104,1.1798,-0.72661,-1.6529,5
-0.69746,-1.1006,0.12294,-0.72661,0.66618,5
-0.56351,-0.20133,0.96846,-0.58484,-0.38114,5
-0.69746,2.8562,0.8158,0.73162,1.3395,5
-0.83141,-0.021475,0.898,-0.46332,0.66618,5
-0.56351,-0.20133,0.3813,-0.52408,0.74099,5
-0.2956,0.33823,0.28735,-0.66585,0.74099,5
-0.42955,-0.021475,0.064225,-0.72661,0.66618,5
-0.56351,-0.021475,-0.2411,-0.72661,0.51656,5
-0.69746,-0.20133,-0.52294,-0.72661,-0.30633,5
-0.42955,-0.021475,-0.27633,-0.36205,0.59137,5
-0.16165,0.33823,-0.29982,1.2177,0.8906,5
-0.42955,2.3166,-0.3233,0.18478,0.74099,5
-0.16165,1.0577,-0.40551,-0.42281,0.66618,5
-0.16165,1.2375,0.5457,-0.17977,-0.60556,5
-0.83141,-0.56104,-0.34679,-0.72661,0.06771,5
-0.42955,2.1368,-0.46423,0.9139,1.115,5
-0.83141,0.8778,-0.076695,0.44808,-0.38114,5
-0.69746,2.3166,-0.053208,-0.30129,0.51656,5
-0.42955,2.3166,0.075969,-0.13927,0.81579,5
-0.96536,1.4174,0.32258,-0.078508,0.06771,5
-0.42955,2.8562,-0.39377,1.238,1.3395,5
-0.56351,1.7771,-0.088438,0.50884,-0.15671,5
-0.96536,0.15838,-0.21761,-0.72661,0.74099,5
-0.96536,0.69794,-0.12367,-0.72661,0.21733,5
-0.56351,3.036,-0.017978,0.063264,0.06771,5
-0.83141,0.51809,0.26386,-0.70636,0.21733,5
-0.83141,1.0577,0.35781,-0.58484,0.06771,5
-0.42955,2.3166,0.80406,0.73162,0.81579,5
-0.69746,1.4174,-0.029721,0.063264,1.3395,5
-0.42955,1.7771,-1.0162,1.2582,1.3395,5
-0.69746,0.8778,-0.017978,-0.56459,0.59137,5
-0.42955,2.1368,-0.1589,0.2658,0.21733,5
-0.83141,1.4174,-0.18238,-0.038002,1.3395,5
-0.56351,1.4174,-0.56992,0.2658,1.1898,5
-0.42955,1.7771,-0.31156,-0.3418,0.51656,5
-0.42955,1.2375,-0.14715,-0.70636,0.44175,5
-0.42955,0.8778,0.39304,0.083518,0.74099,5
-0.83141,0.51809,0.74534,0.58985,1.115,5
-0.69746,0.15838,-0.053208,-0.32155,0.66618,5
-0.96536,-0.20133,0.79231,-0.58484,0.29214,5
-0.83141,0.8778,-0.73432,0.34681,-0.15671,5
-0.83141,0.15838,-0.28807,-0.46332,0.44175,5
-0.96536,0.33823,0.27561,0.083518,0.74099,5
-0.2956,0.8778,-0.35853,-0.28104,1.115,5
-0.56351,0.8778,-0.54643,-0.28104,0.36694,5
-0.56351,0.15838,0.064225,-0.44307,0.29214,5
-0.69746,0.8778,-0.84001,-0.38231,0.96541,5
-0.83141,0.69794,-0.13541,0.38732,0.74099,5
-0.96536,-0.74089,0.14643,-0.72661,0.8906,5
-0.96536,0.51809,-0.5934,-0.078508,0.36694,5
-0.56351,0.33823,-0.13541,0.89365,0.96541,5
-0.96536,0.33823,0.94498,0.22529,0.51656,5
-0.96536,0.69794,-0.72258,0.87339,1.0402,5
-0.69746,1.7771,-0.053208,0.3063,0.81579,5
-0.96536,1.5972,-0.20587,1.9266,1.5639,5
-0.83141,0.51809,0.22863,-0.28104,0.8906,5
-0.83141,-0.021475,-0.88699,1.0759,1.4143,5
-0.96536,0.8778,-1.4037,0.67086,0.96541,5
-1.2333,-0.021475,-1.5916,-0.46332,0.59137,5
-1.0993,1.4174,-0.79304,1.9063,1.3395,5
-0.83141,3.3958,-0.19413,-0.038002,0.66618,5
-0.56351,0.8778,0.14643,-0.72661,-0.15671,5
-0.69746,1.9569,-0.69909,-0.72661,-0.007098,5
-0.69746,1.7771,-0.3233,-0.098762,0.51656,5
-0.69746,2.6763,-1.0514,0.77213,1.115,5
-0.69746,1.7771,-0.053208,1.5418,0.36694,5
-0.83141,0.69794,0.67488,0.16453,0.96541,5
-0.69746,3.036,-0.37028,0.22529,0.14252,5
-0.56351,2.1368,0.47524,0.20504,0.21733,5
-0.69746,-0.38118,-0.12367,-0.72661,0.06771,5
-0.96536,1.2375,0.56919,0.022758,-0.23152,5
-0.96536,3.7555,-0.64038,1.0557,1.5639,5
-0.96536,1.5972,0.36955,0.0025047,0.21733,5
-0.69746,2.4965,-1.0162,0.34681,0.74099,5
-0.56351,2.6763,0.36955,1.481,1.2646,5
-0.69746,0.69794,0.5457,-0.72661,-0.15671,5
-0.56351,1.0577,-0.79304,1.724,1.3395,5
-0.42955,0.15838,0.017252,-0.6456,0.29214,5
-0.027704,0.15838,0.29909,-0.62535,0.44175,5
-0.2956,1.2375,0.1934,0.022758,0.29214,5
-0.56351,1.4174,0.13469,-0.15952,-0.15671,5
-0.2956,1.0577,0.25212,-0.70636,-0.23152,5
0.10625,1.9569,-0.29982,-0.50383,0.74099,5
-0.16165,1.2375,-0.0062347,-0.3418,-0.007098,5
-0.42955,1.9569,-0.21761,-0.017749,-0.82999,5
-0.2956,0.33823,0.26386,-0.58484,-0.68037,5
-0.42955,1.2375,0.68662,1.1367,-0.15671,5
-0.56351,-0.74089,1.6848,-0.72661,0.36694,5
1.3118,-1.4603,0.15817,-0.54433,-1.3536,5
1.0439,-1.2805,-0.31156,0.022758,0.36694,6
-0.83141,-1.1006,-1.8382,-0.72661,-0.38114,6
-0.96536,-1.4603,-1.8147,-0.72661,0.21733,6
-0.69746,-0.20133,1.0272,-0.60509,-0.45595,6
-0.69746,0.15838,0.25212,-0.62535,0.36694,6
-0.56351,0.8778,0.80406,0.3063,-0.60556,6
-0.96536,0.33823,0.96846,-0.17977,0.14252,6
-0.69746,1.7771,-0.31156,0.063264,0.81579,6
-0.83141,1.7771,0.5457,0.22529,-0.38114,6
-1.0993,1.4174,0.55745,2.6759,0.8906,6
-1.3672,-0.021475,0.56919,0.83289,1.0402,6
-0.96536,-0.38118,0.5457,-0.70636,0.51656,6
-0.69746,1.0577,0.052482,0.38732,1.3395,6
-0.56351,-0.021475,0.49873,-0.60509,0.06771,6
-0.42955,0.33823,0.63965,0.44808,0.51656,6
-0.16165,1.0577,0.68662,1.2177,1.3395,6
0.10625,1.2375,0.36955,1.319,1.1898,6
-0.16165,1.7771,0.7336,0.063264,-0.38114,6
-0.69746,1.9569,1.0037,-0.70636,-0.30633,6
-0.16165,1.9569,0.21689,-0.58484,0.96541,6
0.10625,2.1368,0.42827,-0.40256,0.8906,6
-0.16165,1.9569,0.15817,1.3595,0.8906,6
-0.42955,1.0577,0.65139,-0.20003,-0.15671,6
-0.69746,0.51809,0.83929,-0.54433,0.06771,6
-0.83141,-0.021475,-0.20587,0.2658,0.59137,6
-1.2333,0.33823,0.68662,0.0025047,1.4143,6
-1.0993,-0.74089,0.92149,-0.72661,-0.081906,6
-1.0993,-0.74089,0.92149,-0.72661,0.36694,6
-0.96536,-0.92075,0.22863,-0.72661,0.96541,6
-0.83141,0.33823,-0.28807,-0.66585,1.2646,6
-0.16165,1.7771,-0.22936,0.20504,1.115,6
-0.2956,1.7771,0.74534,-0.60509,-0.68037,6
-1.0993,0.15838,1.0272,0.083518,1.5639,6
-1.2333,-0.74089,-0.39377,-0.72661,0.44175,6
-0.69746,-0.20133,-0.1589,-0.72661,1.115,6
-0.69746,-0.021475,0.98021,-0.20003,0.81579,6
-0.56351,1.9569,-0.21761,0.043011,0.81579,6
-0.42955,0.69794,0.60442,-0.36205,0.66618,6
-0.16165,3.036,0.42827,0.5696,0.8906,6
-0.027704,2.8562,0.82754,-0.20003,-0.97961,6
-0.83141,1.7771,0.52222,-0.36205,0.44175,6
-0.42955,2.1368,0.5457,-0.078508,1.1898,6
-1.0993,0.51809,0.27561,-0.17977,0.14252,6
-1.0993,2.3166,0.21689,-0.42281,-0.60556,6
-0.83141,3.3958,-0.076695,1.238,0.06771,6
-1.2333,0.51809,0.34607,-0.58484,0.81579,6
-1.2333,-0.20133,0.14643,-0.20003,0.81579,6
-1.2333,1.0577,1.2973,-0.60509,0.51656,6
-1.2333,-1.1006,1.2503,-0.72661,-0.23152,6
-1.3672,0.51809,-0.68735,-0.70636,-1.0544,6
-1.0993,1.0577,-0.96919,1.2177,1.1898,6
-1.5012,-0.92075,-1.2041,-0.70636,0.59137,6
-0.96536,1.2375,-0.11192,0.022758,0.44175,6
-0.83141,0.33823,1.0624,-0.68611,-0.45595,6
-0.56351,-0.20133,-0.029721,-0.58484,0.59137,6
-0.56351,1.0577,1.0507,0.16453,-0.38114,6
-0.56351,0.15838,0.75708,-0.66585,0.66618,6
-0.42955,3.7555,0.85103,1.5823,-1.1292,6
-1.0993,2.3166,0.898,2.6962,-0.15671,11
